Name,Height,Latitude,Longitude,Classification
Snowdon,1085,53.0685,-4.0763,"marilyn,w3000,hewitt"
Garnedd Ugain,1065,53.0754,-4.0757,"w3000,hewitt"
Carnedd Llewelyn,1064,53.1583,-3.9681,"marilyn,w3000,hewitt"
Carnedd Dafydd,1044,53.1474,-4.0008,"w3000,hewitt"
Glyder Fawr,1001,53.1258,-4.0322,"marilyn,w3000,hewitt"
Glyder Fach,994,53.1048,-4.0084,"w3000,hewitt"
Pen Yr Ole Wen,978,53.1314,-3.9931,"w3000,hewitt"
Foel Grach,976,53.1742,-3.9633,"w3000,hewitt"
Castell y Gwynt,972,53.104,-4.0108,w3000
Yr Elen,962,53.1666,-3.9852,"w3000,hewitt"
Y Garn (Glyderau),947,53.1478,-4.0472,"marilyn,w3000,hewitt"
Foel Fras,944,53.1942,-3.9531,"w3000,hewitt"
Carnedd Gwenllian,926,53.183,-3.9663,"w3000,hewitt"
Elidir Fawr,924,53.1311,-4.0833,"marilyn,w3000,hewitt"
Crib Goch,923,53.075542,-4.053513,"w3000,hewitt"
Tryfan,918,53.1517,-4.0114,"marilyn,w3000,hewitt"
Aran Fawddwy,905,52.7847,-3.6881,"marilyn,hewitt"
Y Lliwedd,898,53.06,-4.0533,"marilyn,hewitt"
Cadair Idris,893,52.6986,-3.9047,"marilyn,hewitt"
Pen y Fan,886,51.8839,-3.4368,"marilyn,hewitt"
Aran Benllyn,885,52.80406,-3.68182,hewitt
Moel Siabod,872,53.07,-3.9317,"marilyn,hewitt"
Erw y Ddafad-ddu,872,52.796096,-3.685094,hewitt
Mynydd Moel,863,52.7055,-3.8851,hewitt
Arenig Fawr,854,52.9192,-3.7481,"marilyn,hewitt"
Llwytmor,849,53.2039,-3.96356,hewitt
Pen yr Helgi Du,833,53.1486,-3.948612,hewitt
Cadair Berwyn,832,52.8803,-3.3794,"marilyn,hewitt"
Foel-goch,831,53.13039,-4.05118,hewitt
Moel Sych,827,52.8761,-3.38875,hewitt
Carnedd y Filiast,821,53.14388,-4.06408,hewitt
Waun Fach,811,51.9619,-3.1492,"marilyn,hewitt"
Cyfrwy,811,52.7018,-3.92092,hewitt
Y Foel Goch,805,53.10473,-3.97641,hewitt
Fan Brycheiniog,803,51.8831,-3.7083,"marilyn,hewitt"
Pen y Gadair Fawr,800,51.952,-3.1226,hewitt
Pen Llithrig y Wrach,799,53.1264,-3.9069,"marilyn,hewitt"
Cribyn,795,51.88184,-3.41951,hewitt
Craig Cwm Amarch,792,52.69147,-3.90916,hewitt
Cadair Bronwen,783,52.90148,-3.37286,hewitt
Moel Hebog,783,52.9942,-4.1331,"marilyn,hewitt"
Glasgwm,779,52.7539,-3.6889,"marilyn,hewitt"
Drum,771,53.20764,-3.9353,hewitt
Moelwyn Mawr,770,52.9867,-3.9875,"marilyn,hewitt"
Waun Rydd,769,51.8722,-3.3606,"marilyn,hewitt"
Gallt yr Ogof,763,53.10806,-3.96544,hewitt
Fan Hir,760,51.87463,-3.69962,hewitt
Drosgl,757,53.19214,-4.00133,hewitt
Y Llethr,756,52.8272,-3.9856,"marilyn,hewitt"
Pumlumon Fawr,752,52.4678,-3.7881,"marilyn,hewitt"
Moel Llyfnant,751,52.9056,-3.7917,"marilyn,hewitt"
Diffwys,750,52.79167,-3.9867,hewitt
Bannau Sir Gaer,749,51.88264,-3.72779,hewitt
Yr Aran,747,53.0519,-4.0806,"marilyn,hewitt"
Pen Pumlumon Arwystli,741,52.47482,-3.74617,hewitt
Craig Cwm Silyn,734,53.03,-4.2056,"marilyn,hewitt"
Rhobell Fawr,734,52.8183,-3.8122,"marilyn,hewitt"
Fan Fawr,734,51.8594,-3.4736,"marilyn,hewitt"
Pen Pumlumon Llygad-bychan,727,52.46912,-3.76941,hewitt
Moel Eilio,726,53.1114,-4.1564,"marilyn,hewitt"
Fan Gyhirych,725,51.8589,-3.6064,"marilyn,hewitt"
Rhinog Fawr,720,52.8469,-3.9786,"marilyn,hewitt"
Pen Allt-mawr,719,51.91163,-3.15429,hewitt
Rhinog Fach,711,52.82417,-3.98295,"marilyn,hewitt"
Moelwyn Bach,710,52.97428,-3.99655,hewitt
Trum y Ddysgl,709,53.0361,-4.1808,"marilyn,hewitt"
Black Mountain,703,52.0169,-3.0808,"marilyn,hewitt"
Pen Cerrig-calch,701,51.89479,-3.13994,hewitt
Allt-Fawr,698,53.0031,-3.9583,"marilyn,hewitt"
Mynydd Mawr,698,53.0642,-4.1706,"marilyn,hewitt"
Mynydd Drws-y-coed,695,53.0439,-4.16592,hewitt
Foel Wen,691,52.89059,-3.34008,hewitt
Twmpa,690,52.00856,-3.13078,hewitt
Arenig Fach,689,52.9469,-3.7508,"marilyn,hewitt"
Cnicht,689,52.9997,-4.01982,hewitt
Foel Hafod-fynydd,689,52.79033,-3.66581,hewitt
Gwaun y Llwyni,685,52.76987,-3.69527,hewitt
Pen y Brynfforchog,685,52.74634,-3.75279,hewitt
Y Garn (Plynlimon),684,52.45057,-3.80305,hewitt
Mynydd Tarw,679,52.88211,-3.32003,hewitt
Chwarel y Fan,679,51.95827,-3.08095,hewitt
Maesglase,679,52.7214,-3.7386,"marilyn,hewitt"
Creigiau Gleision,678,53.1236,-3.8828,"marilyn,hewitt"
Moel Druman,676,53.00958,-3.98133,hewitt
Moel Cynghorion,674,53.0858,-4.1206,"marilyn,hewitt"
Ysgafell Wen,672,53.01379,-3.98843,hewitt
Esgeiriau Gwynion,671,52.8153,-3.5933,"marilyn,hewitt"
Waun-oer,670,52.71706,-3.79935,hewitt
Ysgafell Wen North Top,669,53.01742,-3.99377,hewitt
Carnedd y Filiast,669,53.1389,-4.1103,"marilyn,hewitt"
Foel Cedig,667,52.8364,-3.5261,"marilyn,hewitt"
Tarren y Gesail,667,52.6186,-3.9103,"marilyn,hewitt"
Post Gwyn,665,52.85366,-3.41522,hewitt
Fan Nedd,663,51.8394,-3.5858,"marilyn,hewitt"
Mynydd Llysiau,663,51.94435,-3.15499,hewitt
Dduallt,662,52.83072,-3.7669,hewitt
Manod Mawr,661,52.9861,-3.9114,"marilyn,hewitt"
Craig-las,661,52.7035,-3.95944,hewitt
Great Rhos,660,52.2611,-3.2008,"marilyn,hewitt"
Cribin Fawr,659,52.72179,-3.78622,hewitt
Manod Mawr North Top,658,52.99481,-3.89747,hewitt
Moel yr Ogof,655,53.00856,-4.15326,hewitt
Mynydd Tal-y-mignedd,653,53.03978,-4.186,hewitt
Black Mixen,650,52.27187,-3.17894,hewitt
Moel-yr-hydd,648,52.98978,-3.97968,hewitt
Foel Cwm-Sian Llwyd,648,52.87056,-3.49321,hewitt
Pen y Boncyn Trefeilw,646,52.84238,-3.54203,hewitt
Drygarn Fawr,645,52.2131,-3.6731,"marilyn,hewitt"
Moel Lefn,638,53.01467,-4.15848,hewitt
Garreg Las,635,51.86812,-3.77701,hewitt
Tarrenhendre,634,52.6022,-3.9556,"marilyn,hewitt"
Creigiau Gleision North Top,634,53.14232,-3.8946,hewitt
Fan Llia,632,51.85598,-3.54292,hewitt
Pen yr Allt Uchaf,630,52.76283,-3.67454,hewitt
Moel Fferna,630,52.94829,-3.31587,hewitt
Fan Frynych,629,51.89389,-3.51576,hewitt
Craig Cerrig-gleisiad,629,51.88509,-3.51141,hewitt
Y Garn (Rhinogydd),629,52.7842,-3.9622,"marilyn,hewitt"
Foel Gron,629,53.0894,-4.15101,hewitt
Moel Penamnen,628,53.01715,-3.91504,hewitt
Foel y Geifr,626,52.83476,-3.57921,hewitt
Moel y Cerrig Duon,625,52.80415,-3.59826,hewitt
Moel Ysgyfarnogod,623,52.8808,-3.9789,"marilyn,hewitt"
Craig-y-llyn,622,52.68899,-3.97616,hewitt
Moel yr Henfaes,621,52.9222,-3.35579,hewitt
Gallt y Daren,619,52.89376,-3.81704,hewitt
Cefn yr Ystrad,619,51.8183,-3.3769,"marilyn,hewitt"
Garreg Lwyd,616,51.84572,-3.82992,hewitt
Llechwedd Du,614,52.78778,-3.64142,hewitt
Corllwyn,613,52.21902,-3.58533,hewitt
Foel Goch (Hirnant),613,52.84886,-3.57038,hewitt
Foel Goch (Arenigs),611,52.9986,-3.5414,"marilyn,hewitt"
Pen y Garn,611,52.3703,-3.7844,"marilyn,hewitt"
Bache Hill,610,52.26537,-3.15329,hewitt
Tal y Fan,610,53.2386,-3.8814,"marilyn,hewitt"
Mynydd Graig Goch,6010,53.01282,-4.24132,hewitt
Mynydd Troed,609,51.9614,-3.2106,marilyn
Craig y Llyn,600,51.6883,-3.5808,marilyn
Sugar Loaf,596,51.8586,-3.0558,marilyn
Llan Ddu Fawr,594,52.2539,-3.6061,marilyn
Moelfre,589,52.8306,-4.0417,marilyn
Pegwn Mawr,586,52.3686,-3.3986,marilyn
Coety Mountain,578,51.7828,-3.0886,marilyn
Moel y Gamelin,577,52.9986,-3.2381,marilyn
Cyrn-y-Brain,565,53.0231,-3.1897,marilyn
Yr Eifl,561,52.9753,-4.4339,marilyn
Banc Llechwedd-mawr,560,52.4883,-3.8344,marilyn
Moel Famau,555,53.1539,-3.2458,marilyn
Moel-ddu,553,52.9664,-4.0869,marilyn
Tor y Foel,551,51.8614,-3.2847,marilyn
Drosgol,550,52.4764,-3.8406,marilyn
Mynydd Carn-y-cefn,550,51.7589,-3.1836,marilyn
Beacon Hill,547,52.3739,-3.1956,marilyn
Gwaunceste Hill,542,52.1764,-3.1767,marilyn
Rhialgwm,540,52.8028,-3.4286,marilyn
Mynydd Nodol,539,52.9031,-3.6669,marilyn
Foel Cwmcerwyn,536,51.9458,-4.7733,marilyn
Mwdwl-eithin,532,53.0714,-3.5936,marilyn
Gyrn Moelfre,523,52.8361,-3.1869,marilyn
Carnedd Wen,523,52.6169,-3.6456,marilyn
Gyrn Ddu,522,52.9839,-4.3811,marilyn
Mynydd Llangorse,515,51.9367,-3.2344,marilyn
Corndon Hill,514,52.5694,-3.0425,marilyn
Foel Fenlli,511,53.1367,-3.2508,marilyn
Disgwylfa Fawr,507,52.4339,-3.8228,marilyn
Garreg Lwyd,498,51.8386,-3.7919,marilyn
Bryn Amlwg,488,52.4178,-3.2886,marilyn
Pen y Garn-goch,487,52.1264,-3.6264,marilyn
Ysgyryd Fawr,486,51.8592,-3.0039,marilyn
Garreg-hir,485,52.5636,-3.0722,marilyn
Bryn y Fan,482,52.4761,-3.5858,marilyn
Hirfynydd,481,51.7614,-3.6847,marilyn
Mynydd Epynt,478,52.0964,-3.5186,marilyn
Gwastedyn Hill,477,52.2908,-3.5042,marilyn
Mynydd Twyn-glas,472,51.6886,-3.0569,marilyn
Craig Goch,468,52.8808,-3.5836,marilyn
Moel Gyw,467,53.1169,-3.2583,marilyn
Carn Gafallt,466,52.2858,-3.5239,marilyn
Esgair Ddu,464,52.2964,-3.8122,marilyn
Crugiau Merched,462,52.1386,-3.7967,marilyn
Cefn Cenarth,460,52.3211,-3.5414,marilyn
Aberedw Hill,451,52.1486,-3.3283,marilyn
Carneddau,445,52.1614,-3.4022,marilyn
Rhiw Gwraidd,442,52.3361,-3.4569,marilyn
Penycloddiau,440,53.1808,-3.3039,marilyn
Graig Syfyrddin,423,51.9058,-2.8594,marilyn
Mynydd Marchywel,418,51.7286,-3.8114,marilyn
The Begwns,415,52.1008,-3.1814,marilyn
Trichrug,415,51.8908,-3.9439,marilyn
Long Mountain,408,52.6419,-3.0422,marilyn
Foel Offrwm,405,52.7661,-3.8542,marilyn
Moel y Golfa,403,52.6869,-3.0808,marilyn
Frenni Fawr,395,51.9861,-4.6208,marilyn
Allt yr Esgair,393,51.9089,-3.2669,marilyn
Mynydd Rhyd Ddu,389,52.8686,-3.7317,marilyn
Mynydd y Lan,385,51.6214,-3.1369,marilyn
Bryn Arw,384,51.8814,-3.0239,marilyn
Moel y Dyniewyd,382,53.0211,-4.0864,marilyn
Cefn Eglwysilan,382,51.6031,-3.3108,marilyn
Foel Cae'rberllan,380,52.6586,-3.9469,marilyn
Mynydd y Glyn,377,51.5886,-3.4022,marilyn
Mynydd y Betws,373,51.7761,-3.9483,marilyn
Carn Fadryn,371,52.8839,-4.5489,marilyn
Foel Fynyddau,370,51.6486,-3.7558,marilyn
Mynydd Machen,362,51.6086,-3.1114,marilyn
Hafod Ithel,361,52.3389,-3.9181,marilyn
Stingwern hill,358,52.5939,-3.2208,marilyn
Mynydd Uchaf,357,52.9286,-4.4369,marilyn
Allt y Main,356,52.6986,-3.2783,marilyn
Caeliber Isaf,354,52.5539,-3.2169,marilyn
Upper Park,352,52.3261,-3.2208,marilyn
Mynydd Carningli,346,51.9889,-4.8286,marilyn
Y Golfa,341,52.6514,-3.1953,marilyn
Mynydd-y-briw,341,52.8139,-3.2239,marilyn
Mynydd Allt-y-grug,338,51.7386,-3.8339,marilyn
Hope Mountain,330,53.1114,-3.0769,marilyn
Mynydd Cynros,329,51.9739,-3.8114,marilyn
Rhos Ymryson,327,52.1286,-3.8808,marilyn
Pen-crug-melyn,326,51.8139,-3.7386,marilyn
Craig y Castell,321,52.9361,-3.2769,marilyn
Ffridd Cocyn,313,52.9814,-3.4286,marilyn
Wentwood,309,51.6369,-2.8083,marilyn
Garth Hill,307,51.5414,-3.2783,marilyn
Mynydd y Cwm,305,53.2808,-3.3969,marilyn
Mynydd Rhiw,304,52.8239,-4.6369,marilyn
Myarth,292,51.8786,-3.1783,marilyn
Gamallt,288,52.0139,-3.7714,marilyn
Mynydd Sylen,284,51.7486,-4.1869,marilyn
Garn Boduan,279,52.8889,-4.4869,marilyn
Craig yr Allt,273,51.5661,-3.2183,marilyn
Mynydd Drumau,272,51.6886,-3.8314,marilyn
Moel y Gest,263,52.9269,-4.1569,marilyn
Mynydd Llangyndeyrn,263,51.8039,-4.2183,marilyn
Mynydd Dinas,258,51.5839,-3.7669,marilyn
Carneddol,235,52.8539,-4.6183,marilyn
Holyhead Mountain,220,53.3153,-4.6736,marilyn
Great Orme,207,53.3339,-3.8528,marilyn
Brandy Hill,206,51.7614,-4.6369,marilyn
Mynydd Anelog,191,52.8139,-4.7283,marilyn
Mynydd Bodafon,178,53.3389,-4.2883,marilyn
Mynydd Enlli,168,52.7569,-4.7869,marilyn
